Business Name,TPIN,Registration Number,Province
Thomas Ltd,10927379326,REG0001,Copperbelt
"Graves, Gonzalez and Hernandez",7673783730,REG0002,North-Western
"Massey, Ortiz and Davis",4853121460,REG0003,Lusaka
"Riley, Pittman and Moore",6489153046,REG0004,Northern
"Shelton, Walter and Gonzalez",3858302155,REG0005,Luapula
Duran Group,3468269161,REG0006,Luapula
"Simpson, Morrow and Norris",7414696116,REG0007,North-Western
"Phelps, Chavez and Smith",6222545053,REG0008,Northern
"Scott, Booker and Little",5232223065,REG0009,Muchinga
"Carney, Harrington and Bean",3497843122,REG0010,Luapula
Pruitt LLC,10867978783,REG0011,Copperbelt
Atkins-Watkins,9297620664,REG0012,Western
"Hansen, Schneider and Ortiz",3674030523,REG0013,Luapula
Marquez-Valdez,3909687803,REG0014,Luapula
Cooper-Flores,3780461112,REG0015,Luapula
Brown-Murillo,10407636049,REG0016,Copperbelt
"Gibbs, Guzman and Clark",3597616279,REG0017,Luapula
"Andersen, Frey and Hansen",9375050488,REG0018,Western
Martin Inc,5191858175,REG0019,Muchinga
Page Inc,6701871750,REG0020,Northern
Beck-Chandler,2884556591,REG0021,Eastern
"Nichols, Aguirre and Phillips",2879589412,REG0022,Eastern
Jackson PLC,5743661065,REG0023,Muchinga
"Thompson, Anderson and Haney",3653982373,REG0024,Luapula
Barber-Wall,2833783504,REG0025,Eastern
Butler Inc,5389959213,REG0026,Muchinga
"Osborne, Singleton and Brown",1540688523,REG0027,Central
"Holland, Lee and Cox",9882235341,REG0028,Western
"Kelly, Stone and Wright",2359554839,REG0029,Eastern
Higgins PLC,9626699200,REG0030,Western
Ford PLC,3316867724,REG0031,Luapula
Figueroa LLC,3600124771,REG0032,Luapula
Stephens-Miller,3510626751,REG0033,Luapula
"Jones, Richards and Mullins",5184565681,REG0034,Muchinga
Hart LLC,6643379491,REG0035,Northern
"Armstrong, Cooper and Martin",6675115529,REG0036,Northern
Salazar-Obrien,4369097146,REG0037,Lusaka
Dean and Sons,2538186439,REG0038,Eastern
Miller Group,4716029341,REG0039,Lusaka
Lopez LLC,4273803522,REG0040,Lusaka
Hobbs PLC,4751649543,REG0041,Lusaka
Brown Group,3118689406,REG0042,Luapula
Lewis-Schmidt,5492636251,REG0043,Muchinga
"Dunn, Moreno and Ward",8542286825,REG0044,Southern
"Reese, Davis and Reid",1891080363,REG0045,Central
Wright Inc,1333883455,REG0046,Central
"Kelly, Lucas and Garcia",6176876754,REG0047,Northern
Orozco Inc,8942627222,REG0048,Southern
Dawson-Jackson,6989712873,REG0049,Northern
Morse Inc,6839467602,REG0050,Northern
Garcia-Davies,9846768865,REG0051,Western
Nguyen Group,10798891897,REG0052,Copperbelt
"Bailey, Barber and Jones",5449857335,REG0053,Muchinga
Brewer PLC,9969433416,REG0054,Western
Skinner-Morales,2453407186,REG0055,Eastern
Hernandez-Benjamin,6720751158,REG0056,Northern
"Richardson, Smith and Love",9800533449,REG0057,Western
Graves-Hernandez,3201174747,REG0058,Luapula
"Poole, Clark and Howard",1441389610,REG0059,Central
Morrow-Maldonado,10378247967,REG0060,Copperbelt
Roberts Group,7864519555,REG0061,North-Western
Johnston-Anderson,6629011341,REG0062,Northern
"King, Perez and Berger",10826452541,REG0063,Copperbelt
Robinson-Wilson,9914647120,REG0064,Western
"Thompson, Benton and Anthony",5776338804,REG0065,Muchinga
Vargas and Sons,3960144829,REG0066,Luapula
"Andrews, Miller and Orr",3269938390,REG0067,Luapula
"Santos, Miller and Smith",3801552305,REG0068,Luapula
"Ramos, Greene and Torres",2726723080,REG0069,Eastern
Elliott-Merritt,9713054676,REG0070,Western
"Hughes, Brown and Nichols",2296531588,REG0071,Eastern
Ray-Taylor,1513780571,REG0072,Central
Hamilton-Wall,10892614567,REG0073,Copperbelt
Fisher Inc,5599154939,REG0074,Muchinga
"Coleman, Hamilton and Reed",2992900636,REG0075,Eastern
Ellis PLC,6912274085,REG0076,Northern
Morris Inc,10522647475,REG0077,Copperbelt
Abbott LLC,6850647756,REG0078,Northern
"Chapman, Chavez and Barajas",4386745177,REG0079,Lusaka
"Ortiz, Mcmahon and Davenport",2554236482,REG0080,Eastern
"Shaffer, Howard and Escobar",6747661549,REG0081,Northern
Brown Group,2888651876,REG0082,Eastern
"Martinez, Thomas and Lowe",4526006713,REG0083,Lusaka
"Young, Crosby and Bush",9497125254,REG0084,Western
Patterson Inc,5565197929,REG0085,Muchinga
"Mitchell, Bennett and Blevins",9620486460,REG0086,Western
Mercer-Perry,6911582611,REG0087,Northern
Smith-Thompson,3617319595,REG0088,Luapula
Mitchell-Washington,5495803182,REG0089,Muchinga
Morris and Sons,9218480732,REG0090,Western
Roach-Duran,8960740562,REG0091,Southern
"Cummings, Simmons and Gardner",6664231307,REG0092,Northern
"Cruz, Brown and Moore",3885050042,REG0093,Luapula
"Schmidt, Lin and Mills",7870842713,REG0094,North-Western
Rodriguez-Kidd,9241649329,REG0095,Western
"Zuniga, Goodman and Wang",8521482273,REG0096,Southern
Wilson LLC,4924542726,REG0097,Lusaka
"Shelton, Harmon and Evans",1596510121,REG0098,Central
Matthews-Roberts,7682540617,REG0099,North-Western
"Sanchez, Harris and Owens",3561294420,REG0100,Luapula
Lee Group,4932338942,REG0101,Lusaka
"Crosby, Gentry and Guerra",1104627669,REG0102,Central
Allen-Ross,2324689694,REG0103,Eastern
Manning PLC,10397527598,REG0104,Copperbelt
"Edwards, Williams and Cole",6870988994,REG0105,Northern
"King, Saunders and Chapman",4570613411,REG0106,Lusaka
Mercado-Wiley,2112301363,REG0107,Eastern
Bell-Martin,8323436933,REG0108,Southern
Stevenson-Rosales,3847315277,REG0109,Luapula
Miller PLC,9775870179,REG0110,Western
Cross Inc,4404289826,REG0111,Lusaka
"Wolfe, Kemp and Zhang",3365455327,REG0112,Luapula
Douglas Inc,3809387701,REG0113,Luapula
"Farmer, Moore and Burch",6857190923,REG0114,Northern
Reid PLC,2894997210,REG0115,Eastern
Snyder-Graves,8636313369,REG0116,Southern
Calderon Inc,6699092625,REG0117,Northern
Santiago-Lynch,10652674410,REG0118,Copperbelt
Aguilar-Smith,8315711954,REG0119,Southern
Richards-Allen,7393976919,REG0120,North-Western
Harris Inc,7216059316,REG0121,North-Western
"Key, Alvarez and White",5883208403,REG0122,Muchinga
Butler-Esparza,10344912305,REG0123,Copperbelt
Miller-Newman,2836745879,REG0124,Eastern
Mccarty Inc,1567528570,REG0125,Central
Jones-Cameron,8637105057,REG0126,Southern
"Taylor, Hawkins and Walters",6960741338,REG0127,Northern
"Allen, Washington and Davidson",9549596508,REG0128,Western
Lara-Wilson,6855803903,REG0129,Northern
Torres and Sons,1262546247,REG0130,Central
Craig Ltd,10798657720,REG0131,Copperbelt
Peterson and Sons,5783577215,REG0132,Muchinga
Wells-Green,8606340564,REG0133,Southern
Richardson-Whitney,5443767885,REG0134,Muchinga
Johns Group,5435888542,REG0135,Muchinga
Zhang PLC,8881385980,REG0136,Southern
"Kim, Brock and Richmond",3519296703,REG0137,Luapula
"Rodriguez, Shelton and Smith",4350392940,REG0138,Lusaka
Martinez and Sons,3662499197,REG0139,Luapula
Peters LLC,6894544391,REG0140,Northern
"Dorsey, Campbell and Miller",6357146360,REG0141,Northern
Barnes Ltd,3486233947,REG0142,Luapula
Barber-Quinn,1638478803,REG0143,Central
Hudson-Molina,2489202332,REG0144,Eastern
"Mccoy, Duarte and Fleming",4657968469,REG0145,Lusaka
Quinn-Sexton,5385094803,REG0146,Muchinga
"Delgado, Gutierrez and Santos",4976471012,REG0147,Lusaka
Scott-Smith,8824395546,REG0148,Southern
Turner-Moon,9393547519,REG0149,Western
Nguyen Group,2472928758,REG0150,Eastern
"Dickerson, Pace and Zamora",9814181019,REG0151,Western
Salazar-Cain,1722741242,REG0152,Central
Powers LLC,7666089556,REG0153,North-Western
Carpenter-Andrews,7428387542,REG0154,North-Western
"Cruz, Pacheco and Kelley",1905555039,REG0155,Central
Davidson-Murphy,7346391302,REG0156,North-Western
Nelson-Berry,1148971422,REG0157,Central
Mathis-Lynch,3348130574,REG0158,Luapula
"Santos, Garcia and Chan",6196817784,REG0159,Northern
"Gordon, Morgan and Wright",6986660308,REG0160,Northern
Griffin-Love,2391109090,REG0161,Eastern
"Robertson, Case and Stevens",2257703271,REG0162,Eastern
Hill-Brooks,6400150524,REG0163,Northern
Taylor PLC,4365910468,REG0164,Lusaka
"Raymond, Vance and Bradley",7883015052,REG0165,North-Western
"Gaines, Jones and Miller",6363784052,REG0166,Northern
"Miller, Wilkinson and Hood",4992114897,REG0167,Lusaka
Baker PLC,5463192075,REG0168,Muchinga
Powers PLC,6187799225,REG0169,Northern
"Pace, Evans and Thompson",9113609423,REG0170,Western
"Harrington, Greene and Griffin",1733220184,REG0171,Central
Martin-Carlson,6382611645,REG0172,Northern
Benitez-Sanford,1792194880,REG0173,Central
"Delacruz, Pierce and Craig",1494277002,REG0174,Central
"Marshall, Berger and Yang",3721139371,REG0175,Luapula
"Chang, Rodriguez and Chaney",7134879413,REG0176,North-Western
Allison-Wilson,4747821643,REG0177,Lusaka
"Newton, Gonzalez and Craig",8454927104,REG0178,Southern
"Smith, Owens and Jones",7848602172,REG0179,North-Western
Gregory PLC,10183344210,REG0180,Copperbelt
"Pace, Moore and Green",6539205798,REG0181,Northern
Franklin-Little,7479693381,REG0182,North-Western
Rodriguez Inc,3567897966,REG0183,Luapula
"Gallegos, Reyes and Adams",4385599134,REG0184,Lusaka
Vaughn-Snyder,4278493906,REG0185,Lusaka
Chavez Inc,4847147470,REG0186,Lusaka
"Coleman, James and Perry",7766227562,REG0187,North-Western
Hall-Mcpherson,4492052630,REG0188,Lusaka
Harper and Sons,7513318932,REG0189,North-Western
Benson Ltd,10412600891,REG0190,Copperbelt
Lewis Group,6360874456,REG0191,Northern
Lowe PLC,9374919234,REG0192,Western
Conway-Anderson,6344355556,REG0193,Northern
Russell Group,10171171250,REG0194,Copperbelt
Fuller-Gibson,5682329055,REG0195,Muchinga
Johnson-Velazquez,10236717394,REG0196,Copperbelt
Jacobson LLC,7591057732,REG0197,North-Western
Levy Ltd,2974945550,REG0198,Eastern
"Robinson, Adams and Armstrong",8317641756,REG0199,Southern
Meyer Group,4609190564,REG0200,Lusaka
"Harrison, Perez and Mills",3929179917,REG0201,Luapula
Cole Inc,5279394291,REG0202,Muchinga
Lloyd Group,7785440085,REG0203,North-Western
Pugh-Young,8293428413,REG0204,Southern
Marshall-Torres,10829944021,REG0205,Copperbelt
Robertson Ltd,10177038026,REG0206,Copperbelt
Salas and Sons,3646711454,REG0207,Luapula
Wong Inc,10888519149,REG0208,Copperbelt
Gutierrez-Gallagher,5473559243,REG0209,Muchinga
Molina Group,8351256259,REG0210,Southern
Moore-Adams,6359699164,REG0211,Northern
Reese LLC,4606737673,REG0212,Lusaka
"Thornton, Moyer and Caldwell",6152108505,REG0213,Northern
Floyd-Smith,5314553947,REG0214,Muchinga
Gutierrez-Griffin,9601552682,REG0215,Western
Calderon-Williamson,7559811551,REG0216,North-Western
Smith-Warner,4337153018,REG0217,Lusaka
Vasquez and Sons,4687999207,REG0218,Lusaka
Garcia-Roman,2869954750,REG0219,Eastern
Barnes and Sons,8234853780,REG0220,Southern
Hickman-Lee,5932962146,REG0221,Muchinga
Sanchez-Miller,6213934183,REG0222,Northern
Murray LLC,9590681342,REG0223,Western
Martinez LLC,1521217018,REG0224,Central
"Castillo, Brady and Ramos",1133654873,REG0225,Central
"Smith, Wagner and Ferguson",5914501412,REG0226,Muchinga
Graham-Price,1931920253,REG0227,Central
Cabrera Ltd,5488927855,REG0228,Muchinga
Zimmerman Ltd,5743043581,REG0229,Muchinga
Higgins-Jones,8447025743,REG0230,Southern
Hall PLC,6326385857,REG0231,Northern
"Chavez, Ponce and Mcdonald",5663387267,REG0232,Muchinga
Stout LLC,9674485819,REG0233,Western
Allen-Williams,3242161693,REG0234,Luapula
"Yoder, Dodson and Ford",9908829676,REG0235,Western
"Medina, Short and Simmons",2189947241,REG0236,Eastern
"Hernandez, Gibson and Thompson",3174663553,REG0237,Luapula
Coleman-Owens,8596371858,REG0238,Southern
House-Patterson,1162337998,REG0239,Central
Anderson-Greene,10526911649,REG0240,Copperbelt
Camacho-Reynolds,6139031430,REG0241,Northern
Wilson Group,5693883172,REG0242,Muchinga
Walker-Ray,3241618823,REG0243,Luapula
Hutchinson Ltd,9649568069,REG0244,Western
"Lynch, Ray and Rose",6981002353,REG0245,Northern
"White, Perez and Lopez",9148094675,REG0246,Western
Carpenter Ltd,4240042618,REG0247,Lusaka
Lloyd Group,5963307364,REG0248,Muchinga
Patterson Group,8646596178,REG0249,Southern
Graham-Gray,6598304002,REG0250,Northern
Fox-Russell,4471967006,REG0251,Lusaka
Kelly Ltd,2370929821,REG0252,Eastern
"Fletcher, Roth and Miller",8781717625,REG0253,Southern
Stanley Inc,2333377561,REG0254,Eastern
Edwards PLC,5639832892,REG0255,Muchinga
Steele Ltd,8497008711,REG0256,Southern
"Montgomery, Holmes and Howard",1837802212,REG0257,Central
Barr-Chambers,3329687372,REG0258,Luapula
Long Group,9868406761,REG0259,Western
"Johnson, Hill and Murphy",10968959123,REG0260,Copperbelt
Johnson-Padilla,8604744712,REG0261,Southern
"Evans, Miranda and Davis",8873739634,REG0262,Southern
Krueger and Sons,1234364442,REG0263,Central
"Lynch, Chavez and May",3717265110,REG0264,Luapula
Haynes-Mooney,9304432226,REG0265,Western
Holmes Ltd,1127024203,REG0266,Central
Smith PLC,4166011736,REG0267,Lusaka
Wheeler-French,6880231965,REG0268,Northern
Kelly Ltd,1695286760,REG0269,Central
"Medina, Gamble and Khan",2141944698,REG0270,Eastern
Andrade-Ho,1823877866,REG0271,Central
Brown-Barrera,4226682137,REG0272,Lusaka
Johnson-Wang,9285687548,REG0273,Western
White PLC,8896142167,REG0274,Southern
Zuniga-Thompson,1624666109,REG0275,Central
Valdez-Barton,5682834998,REG0276,Muchinga
"Reynolds, Ayala and Thomas",9602957013,REG0277,Western
"Myers, Hall and Carroll",1259769978,REG0278,Central
Walton-Davis,3102030571,REG0279,Luapula
"Alexander, Gardner and Wells",4327480554,REG0280,Lusaka
Thomas Inc,4310095575,REG0281,Lusaka
Hunt Ltd,3464060936,REG0282,Luapula
Walton LLC,7331039014,REG0283,North-Western
Rios-Wilson,7141469206,REG0284,North-Western
Gonzalez-Miller,7470875471,REG0285,North-Western
"Stewart, Taylor and Phillips",9670224052,REG0286,Western
Acosta and Sons,1703757785,REG0287,Central
Davis Group,5583473004,REG0288,Muchinga
"Mendez, Chavez and Wilson",9278516373,REG0289,Western
Miller-Stafford,6123689405,REG0290,Northern
Turner LLC,2970586804,REG0291,Eastern
"Shaw, Bates and Haney",6273168169,REG0292,Northern
Ray Group,8948227541,REG0293,Southern
Zhang PLC,2543853551,REG0294,Eastern
King Group,3467299013,REG0295,Luapula
"Griffith, Perez and Davis",3802635502,REG0296,Luapula
Powell-Smith,8803541099,REG0297,Southern
Perkins Ltd,10929428581,REG0298,Copperbelt
"Henderson, Reynolds and Hutchinson",1247380897,REG0299,Central
Miles Inc,8300824406,REG0300,Southern
Baker-Roberts,5135509868,REG0301,Muchinga
Mcneil PLC,6304342785,REG0302,Northern
"Snow, Gordon and Griffin",3478107184,REG0303,Luapula
Patterson and Sons,2486450832,REG0304,Eastern
Harris-Crawford,7433052853,REG0305,North-Western
Walters Inc,3447202376,REG0306,Luapula
Casey Ltd,3859779977,REG0307,Luapula
Oneal Inc,6168202417,REG0308,Northern
"Jordan, Ellis and Burns",8454946840,REG0309,Southern
Mercado PLC,8523049200,REG0310,Southern
Baird PLC,10699490158,REG0311,Copperbelt
"Chavez, Walker and Bowers",3215319891,REG0312,Luapula
Gomez-Jacobs,9657755203,REG0313,Western
Parker-Potter,3432773652,REG0314,Luapula
"Gonzalez, Marquez and Smith",2106157149,REG0315,Eastern
Cooley-Jackson,7219292482,REG0316,North-Western
Mcdonald PLC,7816339906,REG0317,North-Western
Mclaughlin-Fitzgerald,5363479505,REG0318,Muchinga
Mann LLC,2690044234,REG0319,Eastern
Watkins Group,4789033695,REG0320,Lusaka
"Williams, Newton and Moore",2365113269,REG0321,Eastern
Sanchez-Kline,2485646683,REG0322,Eastern
May-Montgomery,6747561334,REG0323,Northern
Schwartz PLC,3122793787,REG0324,Luapula
"Burns, Dixon and Barnett",10784370409,REG0325,Copperbelt
"Boyer, Daniel and Barron",5588139139,REG0326,Muchinga
Brooks-Jackson,9177633873,REG0327,Western
Franklin-Daniels,10436716738,REG0328,Copperbelt
White-Carter,2560478507,REG0329,Eastern
Roberts-Lopez,4956164283,REG0330,Lusaka
Carney-Garcia,6166141284,REG0331,Northern
Davis Inc,7942120273,REG0332,North-Western
Mullins Group,6900964421,REG0333,Northern
"Spencer, Proctor and Rivera",8402575601,REG0334,Southern
Beck Group,2181240063,REG0335,Eastern
Miller-Dunn,4693617515,REG0336,Lusaka
Johnson-Mcgee,7690946756,REG0337,North-Western
Knox PLC,5438668691,REG0338,Muchinga
Zhang Ltd,9313680605,REG0339,Western
"Day, Ochoa and Campbell",3436222821,REG0340,Luapula
"Harrison, Arroyo and Clark",1268575156,REG0341,Central
Robinson PLC,6845126046,REG0342,Northern
Byrd-Wells,3435397074,REG0343,Luapula
Reese Inc,9656763259,REG0344,Western
"Young, Vargas and Galloway",5214748570,REG0345,Muchinga
"Shelton, Calderon and Carson",10734837959,REG0346,Copperbelt
"Gomez, Ford and Smith",4358380695,REG0347,Lusaka
Holt-Ferguson,7734277824,REG0348,North-Western
Holloway-Evans,9728276267,REG0349,Western
Perez-Floyd,3191910490,REG0350,Luapula
"Rose, Romero and Walter",8216732619,REG0351,Southern
Huber-Marks,1554042627,REG0352,Central
Dawson Inc,1630682304,REG0353,Central
Saunders Group,4347439872,REG0354,Lusaka
Hicks PLC,5797887155,REG0355,Muchinga
"Bell, Brown and Myers",3415614300,REG0356,Luapula
Ford-Bell,4557960409,REG0357,Lusaka
Wilson and Sons,8716127865,REG0358,Southern
Acevedo-Sanchez,5960058773,REG0359,Muchinga
Joseph-Gibson,7898452649,REG0360,North-Western
Cannon LLC,2389516823,REG0361,Eastern
Chambers-Higgins,1760341460,REG0362,Central
Allen-Harper,9330437382,REG0363,Western
"Jackson, Blair and Hall",4300029813,REG0364,Lusaka
Schaefer-Griffin,9448044193,REG0365,Western
"Booth, Barnett and York",6628607966,REG0366,Northern
Brock-Thompson,8766543174,REG0367,Southern
Shelton-King,2490084469,REG0368,Eastern
"Miranda, Smith and Chen",9141715674,REG0369,Western
Collier-Murillo,1235666514,REG0370,Central
"Hendrix, Hayden and Foster",5361001205,REG0371,Muchinga
Garcia-Kelley,1301345366,REG0372,Central
Mendoza and Sons,10465826364,REG0373,Copperbelt
Mack LLC,7291096098,REG0374,North-Western
Garcia-Collier,2693068692,REG0375,Eastern
Lewis-Murphy,7891418292,REG0376,North-Western
Smith Ltd,8192160499,REG0377,Southern
Gutierrez-Crawford,7618599716,REG0378,North-Western
Mcdaniel-Stewart,8614617289,REG0379,Southern
Cooper Ltd,4703902986,REG0380,Lusaka
Walsh Inc,6853226655,REG0381,Northern
"Anderson, Bradshaw and Payne",10829857721,REG0382,Copperbelt
Fletcher Inc,1894962477,REG0383,Central
Mcdonald Inc,3926100817,REG0384,Luapula
Whitaker Group,3301864882,REG0385,Luapula
"Morris, Castillo and Fox",10678742375,REG0386,Copperbelt
Dominguez-Obrien,9282180073,REG0387,Western
Smith PLC,6288083585,REG0388,Northern
Lane and Sons,7143505705,REG0389,North-Western
Henson-Hernandez,7114724065,REG0390,North-Western
"Jones, Hudson and Dyer",2207939193,REG0391,Eastern
"Paul, Delacruz and Molina",10773400905,REG0392,Copperbelt
Edwards-Payne,1726527087,REG0393,Central
Guerrero PLC,1636380354,REG0394,Central
Jackson PLC,6797326983,REG0395,Northern
Herrera Inc,9172881151,REG0396,Western
Conway-Fletcher,3207785386,REG0397,Luapula
"Macias, Jennings and Armstrong",6314870597,REG0398,Northern
Wade-Nelson,5113133429,REG0399,Muchinga
"Johnson, Jordan and Weber",7998086138,REG0400,North-Western
Watson and Sons,10183596964,REG0401,Copperbelt
Howe PLC,5624573544,REG0402,Muchinga
"Williams, Castro and Parker",8217639527,REG0403,Southern
Dixon-Whitehead,1228197690,REG0404,Central
"Allen, Young and Sanchez",5639626279,REG0405,Muchinga
Martinez-Sheppard,8292019259,REG0406,Southern
Elliott-Herrera,3152186850,REG0407,Luapula
Williams-Colon,1833357644,REG0408,Central
Bailey-Mathis,10173303744,REG0409,Copperbelt
Carter-Davis,10836482200,REG0410,Copperbelt
Jennings-Moreno,10654381409,REG0411,Copperbelt
Dennis and Sons,1727039363,REG0412,Central
"Maxwell, Brewer and Conway",1408847033,REG0413,Central
West-Taylor,3218181946,REG0414,Luapula
"Scott, Morris and James",8108394158,REG0415,Southern
Bruce-Bradshaw,4468791091,REG0416,Lusaka
Smith-Williams,10680951933,REG0417,Copperbelt
Wilson and Sons,5768912030,REG0418,Muchinga
Briggs Ltd,4274903399,REG0419,Lusaka
"Scott, Taylor and Sampson",8722012161,REG0420,Southern
"Hernandez, Haley and Hodge",1702354841,REG0421,Central
Turner-Spencer,6452314002,REG0422,Northern
Trujillo-Knapp,3566612152,REG0423,Luapula
"Willis, Wilson and Quinn",3360625831,REG0424,Luapula
"Morton, Walker and Miller",5900863453,REG0425,Muchinga
"Smith, Rodriguez and Thompson",6807618604,REG0426,Northern
"Sexton, Diaz and Weiss",9640921373,REG0427,Western
"Logan, Warren and Daniels",5762992276,REG0428,Muchinga
"Wilson, Gilbert and Smith",7560988708,REG0429,North-Western
Moreno-Johnson,1599256323,REG0430,Central
Wilson-King,8148209669,REG0431,Southern
Parker-Reed,5721074870,REG0432,Muchinga
Castillo Ltd,3549311977,REG0433,Luapula
Holland Group,3785312494,REG0434,Luapula
King-King,9545227888,REG0435,Western
Newton-Adams,3895588166,REG0436,Luapula
"Johnson, Davidson and Stuart",6909584816,REG0437,Northern
Garcia-Moody,9656861006,REG0438,Western
Wagner Ltd,1502710838,REG0439,Central
"Carlson, Butler and Medina",6464406880,REG0440,Northern
Garcia-Gill,6845174369,REG0441,Northern
Lee Inc,9477441259,REG0442,Western
Serrano Group,4226062740,REG0443,Lusaka
Gutierrez Inc,9966689927,REG0444,Western
"Sanchez, Moore and Proctor",9485517325,REG0445,Western
Martin-Johnson,3610571133,REG0446,Luapula
Pearson Ltd,3158917038,REG0447,Luapula
"Castillo, Patel and Robles",3982262137,REG0448,Luapula
Grimes LLC,2946397080,REG0449,Eastern
Becker-Flores,5535579518,REG0450,Muchinga
"Henry, Allen and Smith",4803740783,REG0451,Lusaka
Wells-Mcfarland,1802438103,REG0452,Central
"Smith, Hodges and White",2318779384,REG0453,Eastern
"Jones, Howard and Knight",1314588898,REG0454,Central
Hayes Ltd,6980850940,REG0455,Northern
Dennis LLC,1410164986,REG0456,Central
Sandoval Ltd,9249696246,REG0457,Western
"Vasquez, Ross and Garza",3845746007,REG0458,Luapula
Paul Ltd,1176188603,REG0459,Central
"Webb, Hill and Smith",2548969634,REG0460,Eastern
Curtis PLC,2123147591,REG0461,Eastern
"Knapp, Shepherd and Johnson",1804254845,REG0462,Central
Anderson-Sanford,5819975815,REG0463,Muchinga
Smith LLC,1282209025,REG0464,Central
Jones-Cherry,1132460620,REG0465,Central
Alvarez Inc,10467128226,REG0466,Copperbelt
"Alvarez, Cherry and Kelly",9211112151,REG0467,Western
"White, Miller and Cunningham",7738050096,REG0468,North-Western
Huynh PLC,4106384275,REG0469,Lusaka
"Morris, Lee and Copeland",6771913310,REG0470,Northern
"Thompson, Smith and Curtis",5698610564,REG0471,Muchinga
"Garrett, Adams and Obrien",9417029225,REG0472,Western
Williams-Day,1927299923,REG0473,Central
"Smith, Hall and Young",1669996217,REG0474,Central
"Spencer, Delgado and Humphrey",9955954860,REG0475,Western
Gutierrez PLC,10930687041,REG0476,Copperbelt
Garcia Inc,5804983615,REG0477,Muchinga
"Peterson, Coleman and Mora",1108347019,REG0478,Central
"Mcintyre, Harris and Bailey",7937123516,REG0479,North-Western
"Neal, Smith and Wallace",10991773451,REG0480,Copperbelt
Anderson-Simmons,3368568581,REG0481,Luapula
"Garza, Harmon and Norris",4746606346,REG0482,Lusaka
"Odonnell, Murphy and Walls",10796898929,REG0483,Copperbelt
Campbell-Salazar,1406425138,REG0484,Central
"Rich, Patterson and Thomas",9376820020,REG0485,Western
"Pena, Anderson and Curtis",10709842801,REG0486,Copperbelt
Bonilla and Sons,2670123754,REG0487,Eastern
Phillips-Carson,6289213673,REG0488,Northern
Scott-Bowen,5808503669,REG0489,Muchinga
"Lindsey, Hahn and Morrison",3399577933,REG0490,Luapula
"Smith, Harvey and Parker",4430599090,REG0491,Lusaka
Richardson-Adams,5767014396,REG0492,Muchinga
Ryan-Brown,6481560379,REG0493,Northern
"Olson, Mclean and West",1563530546,REG0494,Central
Lee-Adams,7729768088,REG0495,North-Western
Shannon LLC,6472675614,REG0496,Northern
"Howard, Morse and Ferguson",8835223962,REG0497,Southern
Velazquez-Carter,2913767932,REG0498,Eastern
Myers Group,3585064794,REG0499,Luapula
"Simpson, Flores and Browning",2471130609,REG0500,Eastern
"White, Fritz and Rowe",5211319919,REG0501,Muchinga
"Martinez, Williams and Williams",3726208309,REG0502,Luapula
Perkins-Black,10327611119,REG0503,Copperbelt
Diaz and Sons,9136682865,REG0504,Western
Yu Ltd,10176063446,REG0505,Copperbelt
"Campos, Rodgers and Gray",6770131523,REG0506,Northern
"Martin, Taylor and Robertson",10210610991,REG0507,Copperbelt
Allen-Jones,7834568118,REG0508,North-Western
Velasquez PLC,4392511011,REG0509,Lusaka
"Ward, Jackson and Williams",6827767155,REG0510,Northern
"Daniels, Thomas and Peterson",6703382447,REG0511,Northern
Bonilla-Gray,10640100416,REG0512,Copperbelt
"Poole, Walter and Hood",2688330914,REG0513,Eastern
Hunt LLC,6644822298,REG0514,Northern
Clark and Sons,10270934049,REG0515,Copperbelt
Adams and Sons,7570243691,REG0516,North-Western
"Burns, Thompson and Wilson",7619105291,REG0517,North-Western
Gonzalez-Rhodes,8476636069,REG0518,Southern
Hernandez-Hudson,6957798012,REG0519,Northern
Nicholson Inc,8725815704,REG0520,Southern
Delgado-Maynard,7661461637,REG0521,North-Western
Simmons-Martin,4610318678,REG0522,Lusaka
Baldwin-Hendricks,9516925071,REG0523,Western
"Burch, Schultz and Parker",2119080803,REG0524,Eastern
Nielsen-Page,9706297096,REG0525,Western
"Whitney, Owens and Barry",2492565642,REG0526,Eastern
Hughes Ltd,3721710047,REG0527,Luapula
"Rivera, Scott and Palmer",1289768393,REG0528,Central
"Miller, Clark and Shields",7842972452,REG0529,North-Western
"Johnson, Williams and Knapp",1222811569,REG0530,Central
Gilmore LLC,8971738454,REG0531,Southern
Barron LLC,1447162728,REG0532,Central
Skinner-Fritz,7345494354,REG0533,North-Western
Clayton Inc,9683277919,REG0534,Western
Williams-Francis,8915183319,REG0535,Southern
"Wolf, Jimenez and Cooley",6431042879,REG0536,Northern
Thomas Ltd,4612825668,REG0537,Lusaka
"Gonzales, Cantrell and Jones",8321075288,REG0538,Southern
Gill LLC,7188903797,REG0539,North-Western
Miller-Chapman,1885833381,REG0540,Central
Tran-Cannon,10754420015,REG0541,Copperbelt
Patterson Group,6499900836,REG0542,Northern
Haynes and Sons,10593658183,REG0543,Copperbelt
Brown-Whitaker,7644023720,REG0544,North-Western
Perry Inc,5490540858,REG0545,Muchinga
Lee LLC,5378496700,REG0546,Muchinga
Stewart LLC,6376542886,REG0547,Northern
Moore PLC,1530840589,REG0548,Central
Phillips LLC,8545750415,REG0549,Southern
Smith Ltd,6609341150,REG0550,Northern
Davidson Inc,2381177504,REG0551,Eastern
Roberts-Harrington,3778963589,REG0552,Luapula
Ray and Sons,1941736966,REG0553,Central
Paul and Sons,6304507752,REG0554,Northern
"Johnson, Schultz and Campbell",3342547086,REG0555,Luapula
Peters PLC,10522208284,REG0556,Copperbelt
"Alexander, Sparks and Boyd",9784378077,REG0557,Western
"Wilson, Conley and Zuniga",7848950229,REG0558,North-Western
"Simmons, Stone and Stewart",7996894067,REG0559,North-Western
"Taylor, Spence and Camacho",6963236151,REG0560,Northern
Griffith and Sons,10928619402,REG0561,Copperbelt
Pollard and Sons,7590446839,REG0562,North-Western
Bradford Inc,6153866778,REG0563,Northern
Mccormick-Jackson,6902929521,REG0564,Northern
Sanchez-Alexander,7899188594,REG0565,North-Western
Scott-Mullen,4285473276,REG0566,Lusaka
Gomez-Fleming,4926609518,REG0567,Lusaka
Fuller Ltd,6250971068,REG0568,Northern
"Wright, Bell and Schultz",10114122053,REG0569,Copperbelt
Matthews Inc,10702149033,REG0570,Copperbelt
"Archer, Blanchard and Lawrence",4527152522,REG0571,Lusaka
Jones-Robinson,2669431873,REG0572,Eastern
Mitchell LLC,6163901435,REG0573,Northern
Luna-Allen,7811323442,REG0574,North-Western
Tran LLC,5795190037,REG0575,Muchinga
"Ellis, Hunter and Watson",2303627596,REG0576,Eastern
Rodgers LLC,6753976223,REG0577,Northern
"Foster, Hoffman and Contreras",9196553883,REG0578,Western
Daniels Group,6443187751,REG0579,Northern
Hansen-Brock,2338094219,REG0580,Eastern
Morton Inc,4895320551,REG0581,Lusaka
Morrow-Jones,5578270772,REG0582,Muchinga
Coleman-Perez,5281833019,REG0583,Muchinga
Harvey and Sons,5581161486,REG0584,Muchinga
Roach-Robinson,9790720535,REG0585,Western
Horn-Williams,10643615975,REG0586,Copperbelt
Vazquez and Sons,5562555042,REG0587,Muchinga
Smith PLC,9833458941,REG0588,Western
"Morrow, Escobar and Vaughn",9787178680,REG0589,Western
Barrera and Sons,6941020957,REG0590,Northern
Melendez Inc,6746180838,REG0591,Northern
Williamson Group,6991552736,REG0592,Northern
Villa Inc,8647842521,REG0593,Southern
Fernandez-Ray,8386146555,REG0594,Southern
Thompson-Cline,3521628770,REG0595,Luapula
Rodriguez-Gonzalez,9965689404,REG0596,Western
Harding-Walker,5556740876,REG0597,Muchinga
"Fernandez, Liu and Beltran",3910227827,REG0598,Luapula
Hall-Calhoun,7122684535,REG0599,North-Western
Mcneil-Davis,6575823802,REG0600,Northern
Cox-Ward,8775594160,REG0601,Southern
Kirk-Holder,10680348342,REG0602,Copperbelt
"Wallace, Riggs and Meadows",2650078957,REG0603,Eastern
Owens and Sons,1131907112,REG0604,Central
"Young, Yates and Yang",3311051139,REG0605,Luapula
"Taylor, Mitchell and Burns",8462538190,REG0606,Southern
Sims and Sons,2506303249,REG0607,Eastern
Ellis-Good,6992367747,REG0608,Northern
"Lopez, Nelson and Pena",6224108698,REG0609,Northern
Fisher-Jones,7954450717,REG0610,North-Western
Schultz-Mora,6871635043,REG0611,Northern
"Hays, Townsend and Jones",8765719448,REG0612,Southern
Carroll LLC,9466305637,REG0613,Western
Pruitt-Adams,5349498733,REG0614,Muchinga
"Smith, Reid and Woods",7778115099,REG0615,North-Western
Russell Ltd,6810889052,REG0616,Northern
Nelson and Sons,1893607240,REG0617,Central
Allen-Anderson,4969287295,REG0618,Lusaka
Goodman-Cochran,4620556960,REG0619,Lusaka
Smith-Novak,2350734919,REG0620,Eastern
"Lewis, Conway and Shepherd",2434223073,REG0621,Eastern
"Hayes, Morgan and Blackwell",9333741070,REG0622,Western
Wood Ltd,1477615551,REG0623,Central
Rodriguez-Delacruz,1615748955,REG0624,Central
Rogers PLC,6198512220,REG0625,Northern
Torres LLC,3927051320,REG0626,Luapula
Peck-Smith,3183797779,REG0627,Luapula
Fisher and Sons,3445158402,REG0628,Luapula
Payne-Thompson,2868634942,REG0629,Eastern
Mccarthy Inc,1920293525,REG0630,Central
Moore Ltd,10404441836,REG0631,Copperbelt
Lloyd PLC,3545940289,REG0632,Luapula
Bailey-Smith,4747876324,REG0633,Lusaka
"Delacruz, Herrera and Mendez",6123464346,REG0634,Northern
Harris Ltd,2105713051,REG0635,Eastern
Mendez PLC,8579813496,REG0636,Southern
James Ltd,10884455288,REG0637,Copperbelt
"Hawkins, Wiggins and Gutierrez",1728968563,REG0638,Central
Potter Ltd,8260020830,REG0639,Southern
Lopez PLC,1560979579,REG0640,Central
Decker Inc,2166342169,REG0641,Eastern
Harris-Franklin,4642437167,REG0642,Lusaka
Bean-Porter,2740877302,REG0643,Eastern
"Barnes, Watkins and Woods",3787789135,REG0644,Luapula
Schultz LLC,7311318524,REG0645,North-Western
Davis-Pittman,4336341172,REG0646,Lusaka
Scott-Peterson,7389951323,REG0647,North-Western
Wong Inc,9160920045,REG0648,Western
"Guerra, Dorsey and Kennedy",6290840766,REG0649,Northern
Pierce-Alexander,9952519953,REG0650,Western
Vaughn LLC,8939383073,REG0651,Southern
Cox PLC,10261172304,REG0652,Copperbelt
Cooper-Brooks,3271316450,REG0653,Luapula
Davis-Castillo,9928523143,REG0654,Western
"Torres, Drake and Williams",7310827714,REG0655,North-Western
Richardson PLC,2430910671,REG0656,Eastern
Booth and Sons,1220439533,REG0657,Central
Carter Inc,1591762980,REG0658,Central
King-Martinez,6730830484,REG0659,Northern
Cox-Barker,9341344801,REG0660,Western
"Patterson, Hess and Reese",8266836011,REG0661,Southern
Espinoza Ltd,3778261248,REG0662,Luapula
Stone Group,8153049139,REG0663,Southern
Jones-Harrison,6851606589,REG0664,Northern
"Lewis, Thompson and Perez",1435568749,REG0665,Central
Robbins Ltd,4312962421,REG0666,Lusaka
Williams-Brooks,6939870680,REG0667,Northern
"Carrillo, Lynch and Jackson",4648915570,REG0668,Lusaka
"Gray, Leblanc and Warren",6965878562,REG0669,Northern
Ryan Inc,1981052810,REG0670,Central
"Rivera, Hall and Richards",5250466762,REG0671,Muchinga
"Coleman, Reid and Duncan",7537259916,REG0672,North-Western
Freeman-Carrillo,3166849353,REG0673,Luapula
"Norris, Brown and Brown",3466612569,REG0674,Luapula
"Jackson, Sanchez and Sexton",1399880570,REG0675,Central
Ellis-Lin,8347440704,REG0676,Southern
"Alexander, Brennan and May",2133017976,REG0677,Eastern
"Kelly, Blackburn and Terry",5223195345,REG0678,Muchinga
Lyons Ltd,9383717016,REG0679,Western
Whitaker and Sons,2198226892,REG0680,Eastern
Garrett-Cross,9478513724,REG0681,Western
"Reynolds, Chapman and Martin",9664817279,REG0682,Western
Russell PLC,6169416629,REG0683,Northern
Ryan-Davis,5964400345,REG0684,Muchinga
Howard and Sons,6130355655,REG0685,Northern
"Williams, Thompson and Hart",2120557196,REG0686,Eastern
"Davidson, Fitzgerald and Martin",1383244030,REG0687,Central
Smith Ltd,1820356588,REG0688,Central
"Barnes, Hood and Campos",8801399308,REG0689,Southern
"Ryan, Oliver and Rodgers",6132740269,REG0690,Northern
"Grant, Rodriguez and Heath",9911130046,REG0691,Western
Carroll-Torres,2313025653,REG0692,Eastern
Thompson PLC,6484037515,REG0693,Northern
Morris-Marshall,1385438388,REG0694,Central
"Davis, Bowers and Bentley",3904589311,REG0695,Luapula
Holmes-Garrett,5282491110,REG0696,Muchinga
"Warren, Burnett and Day",8951040544,REG0697,Southern
"Lee, Bailey and Sparks",6847343600,REG0698,Northern
"Carey, Farley and Mitchell",9333235197,REG0699,Western
"White, Nguyen and Rodriguez",5800993396,REG0700,Muchinga
George-Fleming,1779680273,REG0701,Central
Atkins-Thomas,9745846664,REG0702,Western
Spears Inc,1602000681,REG0703,Central
Johnson Group,9610492284,REG0704,Western
Phillips LLC,8436417846,REG0705,Southern
Wheeler-Gates,6852946051,REG0706,Northern
"Bryant, Johnson and Cisneros",2430116339,REG0707,Eastern
"Thomas, Taylor and Hughes",1772120921,REG0708,Central
"Roberts, Hines and Fuentes",7659175910,REG0709,North-Western
"Larsen, Morris and Rose",5514673870,REG0710,Muchinga
"Stephens, Butler and Gonzalez",9698575334,REG0711,Western
Elliott-Shelton,10594632111,REG0712,Copperbelt
Fisher PLC,10876554619,REG0713,Copperbelt
Johnson-Wells,9895898757,REG0714,Western
"Morris, Gordon and Lowe",6333482915,REG0715,Northern
Ross Ltd,1474089874,REG0716,Central
Shaw-Mitchell,10202307573,REG0717,Copperbelt
Hoffman PLC,9309597079,REG0718,Western
"Prince, Pena and Brown",10129527955,REG0719,Copperbelt
Lee-Lin,6745251325,REG0720,Northern
"Green, Mosley and Perkins",9906480293,REG0721,Western
Pratt Ltd,7113280973,REG0722,North-Western
"Martinez, King and Garcia",7788022499,REG0723,North-Western
"Ortiz, Mercer and Delgado",5303074187,REG0724,Muchinga
Larson-Lynch,8444128887,REG0725,Southern
"Skinner, Bryan and Hale",9991719265,REG0726,Western
Bennett and Sons,8664460187,REG0727,Southern
Rivera-Graham,4689411768,REG0728,Lusaka
Reid Group,5632276288,REG0729,Muchinga
"Farmer, Williams and English",7251647463,REG0730,North-Western
"Jones, Burns and Fisher",5738541334,REG0731,Muchinga
"Patel, Green and Franco",10146941282,REG0732,Copperbelt
Hendrix Inc,6790930502,REG0733,Northern
"Benitez, Lee and Brooks",8597947588,REG0734,Southern
Wolf PLC,3874282937,REG0735,Luapula
"Allen, Castaneda and Barron",4485474706,REG0736,Lusaka
Rojas-Ellison,6237435674,REG0737,Northern
Gonzales and Sons,3605068906,REG0738,Luapula
"Howell, Williams and Williams",10123428235,REG0739,Copperbelt
Fischer-Manning,6358488788,REG0740,Northern
Campbell-Garcia,3785696773,REG0741,Luapula
Cross-Hernandez,6764770321,REG0742,Northern
"Dominguez, Golden and Adkins",8186002205,REG0743,Southern
Miller-Clark,6802749548,REG0744,Northern
"Thomas, Mccormick and Walker",6834094081,REG0745,Northern
"Eaton, Wright and Johnson",3963869983,REG0746,Luapula
Mack LLC,3947309106,REG0747,Luapula
Rodriguez-White,2104030389,REG0748,Eastern
Berg-Blackwell,8877177541,REG0749,Southern
Phillips-Yoder,5224756422,REG0750,Muchinga
Thomas-Adams,5182698245,REG0751,Muchinga
"Campbell, Wallace and Daniels",5596919029,REG0752,Muchinga
Vega Group,6810546562,REG0753,Northern
Kelly PLC,7840091818,REG0754,North-Western
"Smith, Bailey and Carter",1492137195,REG0755,Central
"Gray, Riddle and Ross",5182787721,REG0756,Muchinga
Ross Group,3872222240,REG0757,Luapula
"Jones, Simmons and Rivera",2528925264,REG0758,Eastern
Johnson-Townsend,4577714642,REG0759,Lusaka
"Powell, Ruiz and Brown",6828996577,REG0760,Northern
Nguyen Group,4248904780,REG0761,Lusaka
Mayer-Long,4564882901,REG0762,Lusaka
Irwin-Marshall,10987220932,REG0763,Copperbelt
Harris PLC,1653305573,REG0764,Central
Davis Inc,4294724448,REG0765,Lusaka
"Jacobs, Barker and Fox",7275956990,REG0766,North-Western
"Roberts, King and Campos",4463933286,REG0767,Lusaka
"Cox, Griffin and Young",9902619970,REG0768,Western
"French, Weber and Martinez",7154942373,REG0769,North-Western
White-Brown,1454974529,REG0770,Central
Joyce-Bennett,3351489664,REG0771,Luapula
Price Ltd,3139266014,REG0772,Luapula
Stevens-Lee,5148915032,REG0773,Muchinga
Meyer PLC,4567283321,REG0774,Lusaka
Hall-Russell,6427794181,REG0775,Northern
Hall PLC,7611779860,REG0776,North-Western
"Brown, Anderson and Villa",4133116378,REG0777,Lusaka
Williams Inc,3327937812,REG0778,Luapula
"Rodriguez, Gregory and Lane",7397411488,REG0779,North-Western
"Salazar, Taylor and Hall",4674868008,REG0780,Lusaka
Parker-Taylor,10838246008,REG0781,Copperbelt
Murphy Group,3577430748,REG0782,Luapula
Powers and Sons,5797245774,REG0783,Muchinga
Morris-Frost,4776598709,REG0784,Lusaka
Russell PLC,1973807633,REG0785,Central
Davis-Jones,10305076734,REG0786,Copperbelt
Vaughn-Johnson,5788241964,REG0787,Muchinga
Walker Ltd,5684266661,REG0788,Muchinga
Williams and Sons,5286970618,REG0789,Muchinga
Williams and Sons,1817108799,REG0790,Central
Benjamin Ltd,2610546577,REG0791,Eastern
"Leonard, Turner and Vance",4331064071,REG0792,Lusaka
Howe LLC,3537162733,REG0793,Luapula
Leonard Inc,2272528275,REG0794,Eastern
Shaw Inc,7115553547,REG0795,North-Western
Dennis-Davis,6280995257,REG0796,Northern
Mejia PLC,1125351389,REG0797,Central
Norris Group,1629100015,REG0798,Central
Porter-Parks,9829475194,REG0799,Western
Gallegos-Gonzales,9749077210,REG0800,Western
Walton PLC,6162969705,REG0801,Northern
"Osborne, Mitchell and Navarro",5849445966,REG0802,Muchinga
Burnett-Shepherd,4617571406,REG0803,Lusaka
Mills Group,1317550427,REG0804,Central
"Watson, Martin and Wood",1129881970,REG0805,Central
"Williams, Hardin and White",6858634939,REG0806,Northern
Terry-Reid,8646941313,REG0807,Southern
Gonzales Inc,6952975354,REG0808,Northern
Hardy-Wilson,3523891035,REG0809,Luapula
Rodriguez-Allen,10575474737,REG0810,Copperbelt
Mcdowell Inc,2742885633,REG0811,Eastern
"Thomas, Ramirez and Mitchell",5271814520,REG0812,Muchinga
Spencer and Sons,7900270923,REG0813,North-Western
Hood-Ortega,3295865608,REG0814,Luapula
"Prince, Adkins and Lucas",2545227203,REG0815,Eastern
Howe and Sons,2358304213,REG0816,Eastern
Smith Group,10678297193,REG0817,Copperbelt
Combs Group,4473219883,REG0818,Lusaka
Nelson Ltd,3276227469,REG0819,Luapula
Berry-Nguyen,10779441269,REG0820,Copperbelt
Reese-Thomas,7521304610,REG0821,North-Western
Doyle-Reyes,9927603855,REG0822,Western
Berry-Henderson,6200537468,REG0823,Northern
"Jennings, Keller and Pearson",3368062350,REG0824,Luapula
Smith Inc,3567202674,REG0825,Luapula
"Lopez, Ramirez and Garcia",6749134221,REG0826,Northern
Downs-Green,3798097597,REG0827,Luapula
"Cooke, Cox and Lynch",4802371641,REG0828,Lusaka
Wilson-Fleming,10945251960,REG0829,Copperbelt
Johnson PLC,5130392959,REG0830,Muchinga
Hamilton-Wong,9633650190,REG0831,Western
Griffith-Cook,2804702772,REG0832,Eastern
"Gomez, Ayala and Bonilla",6373975935,REG0833,Northern
"Castillo, Lopez and Williams",4119088834,REG0834,Lusaka
"Alexander, Perry and Hernandez",4558893979,REG0835,Lusaka
"Holland, Mccarthy and Harrison",4562181044,REG0836,Lusaka
Anderson Inc,10493239922,REG0837,Copperbelt
Green-Bowers,3681002965,REG0838,Luapula
Mcknight Group,1669827215,REG0839,Central
Ellis-Simmons,6880339878,REG0840,Northern
Jones-Koch,8977292274,REG0841,Southern
"Wallace, Duarte and Wilkerson",5590491063,REG0842,Muchinga
Whitney LLC,7794837193,REG0843,North-Western
Davis LLC,6219844836,REG0844,Northern
Thomas-Williams,3369594680,REG0845,Luapula
"Williams, Walsh and Garcia",2353856262,REG0846,Eastern
Gonzalez-Nelson,6979741022,REG0847,Northern
Long PLC,9497040954,REG0848,Western
Moore LLC,9772936252,REG0849,Western
"Brewer, May and Hurley",10614570777,REG0850,Copperbelt
"Reed, Parker and Hanson",10734134995,REG0851,Copperbelt
Foster-Hebert,10786639389,REG0852,Copperbelt
Smith and Sons,10721874864,REG0853,Copperbelt
Duran and Sons,9275385187,REG0854,Western
Williams Group,9819464744,REG0855,Western
Brown LLC,2621439736,REG0856,Eastern
Aguilar-Martinez,5334157579,REG0857,Muchinga
Mitchell Ltd,3442738774,REG0858,Luapula
Sparks Inc,10818244158,REG0859,Copperbelt
Smith-Baker,4330318010,REG0860,Lusaka
Mora-Rodriguez,2700087005,REG0861,Eastern
Lucas Group,7607077510,REG0862,North-Western
Lowe-Stephens,3300401556,REG0863,Luapula
"Burns, Cox and Simpson",3639283959,REG0864,Luapula
Ford PLC,1407775074,REG0865,Central
Jackson-Nelson,6691613298,REG0866,Northern
"Martin, Butler and Powers",4774265164,REG0867,Lusaka
"Williams, Shannon and Woods",6683607281,REG0868,Northern
Wilson and Sons,3734512599,REG0869,Luapula
James Inc,4332850047,REG0870,Lusaka
Blair and Sons,4470899928,REG0871,Lusaka
Weiss Inc,2554959700,REG0872,Eastern
"Wheeler, Sandoval and Conway",10358167155,REG0873,Copperbelt
Williams-Wolfe,4483364711,REG0874,Lusaka
Frazier and Sons,4236385929,REG0875,Lusaka
"Munoz, Rodgers and Oconnor",5928189440,REG0876,Muchinga
Williams-Fletcher,7266711246,REG0877,North-Western
Robles PLC,10501731881,REG0878,Copperbelt
Mccarthy Ltd,6868281352,REG0879,Northern
Ramos-Rios,9207900671,REG0880,Western
Gibbs-Jones,5941159870,REG0881,Muchinga
Brown-Walker,8618199647,REG0882,Southern
"White, Allen and Phelps",1103705583,REG0883,Central
Woods Inc,1194296258,REG0884,Central
Wilson Ltd,10691927188,REG0885,Copperbelt
Turner Inc,9309064809,REG0886,Western
Saunders-Montgomery,2464825341,REG0887,Eastern
Vincent and Sons,5444833154,REG0888,Muchinga
Stone-Lynch,2281242183,REG0889,Eastern
Ray Inc,4426048203,REG0890,Lusaka
"Smith, Woods and Patterson",5910041218,REG0891,Muchinga
Figueroa PLC,9295970678,REG0892,Western
Boyd-Black,8671997777,REG0893,Southern
Pratt Ltd,7848476501,REG0894,North-Western
Henry-Gonzalez,8729013472,REG0895,Southern
Humphrey LLC,9442312803,REG0896,Western
Decker-Bailey,3938953695,REG0897,Luapula
Hernandez-Diaz,4729837998,REG0898,Lusaka
Martin Group,1973086527,REG0899,Central
Perez LLC,5338199056,REG0900,Muchinga
Sanders Ltd,9873606366,REG0901,Western
Lewis-Alvarez,8773357915,REG0902,Southern
Macias and Sons,10144308637,REG0903,Copperbelt
"Brown, Lucas and Rowe",6518214672,REG0904,Northern
Perez-Morales,2688219567,REG0905,Eastern
"Lopez, James and Turner",8945459918,REG0906,Southern
"Morales, Davis and Dawson",2373843787,REG0907,Eastern
"Thompson, Solomon and Smith",2760579781,REG0908,Eastern
"Chung, Arnold and Taylor",1229589204,REG0909,Central
Johnson-Smith,2978789679,REG0910,Eastern
Campbell-Lawrence,10365085135,REG0911,Copperbelt
Hall-Flores,7140944865,REG0912,North-Western
Aguirre-Williamson,7366479404,REG0913,North-Western
"Robinson, Rowe and Carr",3757259494,REG0914,Luapula
Bryan-Sutton,5925397545,REG0915,Muchinga
Reid and Sons,1715293509,REG0916,Central
Cantrell LLC,10835751775,REG0917,Copperbelt
"Edwards, Bradley and Cline",2244394572,REG0918,Eastern
"Gross, Gardner and Rogers",2848182635,REG0919,Eastern
Thomas-Thomas,3831185675,REG0920,Luapula
Love-Johnson,10865514604,REG0921,Copperbelt
James Ltd,5608067372,REG0922,Muchinga
Barrett LLC,6572010763,REG0923,Northern
Christensen LLC,3747347973,REG0924,Luapula
Lowe Inc,1803539100,REG0925,Central
Reed Group,2904408184,REG0926,Eastern
Erickson-Herman,8619519060,REG0927,Southern
Small and Sons,8161463279,REG0928,Southern
"White, Griffith and Wright",10374917822,REG0929,Copperbelt
West LLC,4391520287,REG0930,Lusaka
"Myers, Webb and Butler",4589325053,REG0931,Lusaka
Turner and Sons,3513933791,REG0932,Luapula
Black Inc,3177710361,REG0933,Luapula
Rogers Group,4608838388,REG0934,Lusaka
"Jimenez, Hendrix and Daniel",3538133172,REG0935,Luapula
"Anderson, Cummings and Murray",1644344073,REG0936,Central
Gibson and Sons,1113177246,REG0937,Central
Daniels-Cross,10494131092,REG0938,Copperbelt
Simon Inc,5863589565,REG0939,Muchinga
Rodriguez Inc,9127217254,REG0940,Western
Horn-Hensley,3990142473,REG0941,Luapula
Kane-Wilson,6826224855,REG0942,Northern
"Hernandez, Holloway and Reid",3184917365,REG0943,Luapula
"Christian, Thomas and Harper",10873976664,REG0944,Copperbelt
"Jordan, Serrano and Martin",2797532741,REG0945,Eastern
Jackson-Kelley,2752508681,REG0946,Eastern
Pearson Inc,7842702607,REG0947,North-Western
Rodriguez LLC,6573392631,REG0948,Northern
Miller-Bowman,6546580116,REG0949,Northern
Nunez PLC,7141633950,REG0950,North-Western
"Pittman, Frazier and Evans",3532045913,REG0951,Luapula
"Lee, Johnson and Russell",1370370839,REG0952,Central
Craig Inc,3486556252,REG0953,Luapula
Dunlap-Dickerson,2987005562,REG0954,Eastern
"Lewis, Bennett and Clayton",8527938185,REG0955,Southern
Hill-Wilson,8736581676,REG0956,Southern
Young-Wood,4543065839,REG0957,Lusaka
Young Ltd,5426526652,REG0958,Muchinga
"Campos, Cooper and Jones",6574575932,REG0959,Northern
Nguyen PLC,7323444677,REG0960,North-Western
Hinton PLC,3576829870,REG0961,Luapula
Gilbert PLC,4119719644,REG0962,Lusaka
Blake Group,5535921355,REG0963,Muchinga
"Williams, Potts and Rodriguez",6913285816,REG0964,Northern
"Hawkins, King and Thomas",5732243785,REG0965,Muchinga
Pena PLC,7635589688,REG0966,North-Western
Grant-Hoover,2728748437,REG0967,Eastern
"Mccoy, Hawkins and Wright",4936070537,REG0968,Lusaka
"Thompson, Lopez and White",4371852734,REG0969,Lusaka
Arroyo-Bryant,2606791507,REG0970,Eastern
Goodwin PLC,3230294263,REG0971,Luapula
"Reyes, Williams and Rivas",9483219948,REG0972,Western
Carlson Ltd,7961677077,REG0973,North-Western
"Smith, Hall and Aguilar",1764978921,REG0974,Central
Crawford Group,3326099323,REG0975,Luapula
Kramer-Smith,6943135897,REG0976,Northern
Williams-Jenkins,10373215790,REG0977,Copperbelt
Hall-Ramsey,2544957599,REG0978,Eastern
Ruiz-Evans,9612415610,REG0979,Western
"Henson, Thompson and Holland",5889193865,REG0980,Muchinga
Bowers-Garrett,5544785831,REG0981,Muchinga
"Robinson, Moreno and Reed",3912094099,REG0982,Luapula
"Hamilton, Pittman and Hughes",8755266179,REG0983,Southern
"Bradford, Burns and Hughes",1391691651,REG0984,Central
Lynch-Ramirez,3299010858,REG0985,Luapula
"Gordon, Mercado and Morales",1734111050,REG0986,Central
"Reid, Peters and Carter",8996302117,REG0987,Southern
Harrison-Arnold,4428296278,REG0988,Lusaka
Martinez PLC,9338319871,REG0989,Western
Huerta and Sons,4140793412,REG0990,Lusaka
Miller LLC,5898669326,REG0991,Muchinga
Thomas Ltd,6541133393,REG0992,Northern
"Diaz, Huffman and Wolfe",4470801216,REG0993,Lusaka
Hardin and Sons,1476688583,REG0994,Central
Rodriguez Inc,2155224199,REG0995,Eastern
Lynch-Johnson,1729821652,REG0996,Central
Atkinson Inc,1507644317,REG0997,Central
"Sosa, Hawkins and Williams",2232000347,REG0998,Eastern
"Velazquez, Weber and Hernandez",1554159127,REG0999,Central
Nelson-Hooper,7167016496,REG1000,North-Western
