Full Name,NRC,NRC Status,Count
Barbara Young,02795616/46/1,Fake,
Donna Bradley,06403340/94/2,Fake,
Michelle Adams,08482642/59/2,Fake,
Luke Wilson,10858813/35/2,Fake,
Crystal Curry,04381729/64/1,Fake,
Monica Smith,05679007/73/1,Fake,
Carlos Sanders,04988876/91/2,Fake,
Shane Moore,05965693/34/2,Fake,
Bonnie Rodriguez,09848336/43/2,Fake,
William Morrison,04780914/77/2,Fake,
Michelle Smith,09965801/51/2,Fake,
Jessica Swanson,03907938/77/1,Fake,
Corey Ali,02878555/62/1,Fake,
Jonathan Cox,01969186/65/2,Fake,
Jack Zhang,02350638/37/1,Fake,
Amanda Lopez,07392903/50/2,Fake,
Shawn Curry,01720028/47/1,Fake,
Megan Foster,03476690/72/2,Fake,
Alicia Lewis,05595993/89/1,Fake,
Susan Solis,01193315/32/1,Fake,
Peter Ward,04590594/93/2,Fake,
Matthew Higgins,03635303/84/1,Fake,
Jose Alvarez,07444462/60/2,Fake,
Mrs. Sharon Carpenter DVM,05700482/80/1,Fake,
Katherine Brown,07597737/37/2,Fake,
David Marshall,04491670/51/1,Fake,
Lisa Brown,04398471/68/1,Fake,
Samuel Powell,06241327/99/1,Fake,
Brittany Myers,04701477/42/1,Fake,
Christopher Mcgee,01919106/52/2,Fake,
Jeremy Henderson,04462751/91/1,Fake,
Eddie Myers,05458532/59/1,Fake,
Amy Fields,06718418/62/1,Fake,
Daniel Davis,10410830/71/1,Fake,
Joshua Rodriguez,04375076/82/1,Fake,
Jacob White,09335271/72/1,Fake,
Sarah Gonzalez,08647901/74/2,Fake,
David Vaughn,08186968/94/1,Fake,
Leslie Freeman,08452629/66/2,Fake,
Sharon Cox,10324722/59/1,Fake,
Bobby Harris,09798549/97/2,Fake,
Jason Love,03995985/88/1,Fake,
Allison Ray,05585568/90/1,Fake,
Natasha Russell,05775408/74/1,Fake,
Rebekah Collins,07150265/58/2,Fake,
Justin Carter,01103672/40/1,Fake,
Deanna Smith,08176816/33/1,Fake,
Elizabeth Cuevas,01272898/86/1,Fake,
Jaclyn Brooks,10352092/67/2,Fake,
Dean Brown,04228240/73/1,Fake,
Robin Johnson,04853305/48/2,Fake,
Marie Perry,09790938/65/1,Fake,
Ryan Reilly,02169235/49/1,Fake,
Henry Browning,06453256/98/2,Fake,
Robert Johnson,07489263/79/1,Fake,
Melissa Allen,05220068/63/1,Fake,
Andrew Thomas,08693542/57/2,Fake,
Dylan Mason,01947655/41/1,Fake,
Daniel Young,01838997/97/1,Fake,
Timothy Gutierrez,03500499/93/2,Fake,
Abigail Wilson,06356554/34/2,Fake,
Brandon Wilson,05650800/55/2,Fake,
Carla Mitchell,01883801/93/2,Fake,
Anthony Moore,09292664/70/2,Fake,
Caleb Hunt,02416793/98/1,Fake,
Paula Diaz,01241269/73/2,Fake,
Richard Norris,10577082/59/2,Fake,
Veronica Weiss,06948614/77/2,Fake,
Charlene Jones,08581569/41/1,Fake,
Todd Wilson,10780324/96/2,Fake,
Joshua Smith,02879085/50/1,Fake,
Dr. Elizabeth Lee,05724871/59/1,Fake,
Stephanie Baldwin,05735221/64/1,Fake,
Jessica Patel,03946628/81/1,Fake,
Megan Scott,01623108/84/1,Fake,
John Johnson,08342685/70/1,Fake,
Melissa Jackson,05144161/93/2,Fake,
Christopher Smith,08892814/97/1,Fake,
Kristen Molina,10406924/50/1,Fake,
Gwendolyn Cameron,02884667/30/1,Fake,
Kelsey Gilmore,04375965/36/1,Fake,
Timothy Sutton,02778309/35/1,Fake,
Denise James,07614541/53/2,Fake,
William Martinez,08786120/73/2,Fake,
Kelly Miller,04709041/80/1,Fake,
Virginia Adkins,03628846/72/2,Fake,
Lisa Graham,07924379/55/1,Fake,
Michael Gomez,03874329/77/1,Fake,
Mr. Daniel Fitzgerald,03200345/80/2,Fake,
Jacqueline Gonzalez,07991905/51/1,Fake,
Anthony Fox,09480891/56/2,Fake,
Brandy Mason,01816728/31/2,Fake,
Christopher Bailey,10141573/89/1,Fake,
Paul Brown,02263733/94/2,Fake,
Brian Rocha,06219787/94/2,Fake,
David Neal,07925841/83/1,Fake,
Jessica Savage,08839551/68/1,Fake,
Nathan Martinez,05631054/35/2,Fake,
Juan Curry,01742484/52/2,Fake,
Michael Wood,08420141/30/1,Fake,
,,,
,,Valid,0
,,Fake,100
